STRUCTURE,STRUCTURE_ID,STRUCTURE_NAME,freq,Time frequency,duration,Duration,reason,Reason,unit,Unit of measure,citizen,Country of citizenship,geo,Geopolitical entity (reporting),TIME_PERIOD,Time,OBS_VALUE,Observation value,OBS_FLAG,Observation status (Flag) V2 structure,CONF_STATUS,Confidentiality status (flag)
dataflow,ESTAT:MIGR_RESVALID(1.0),"All valid permits by reason, length of validity and citizenship on 31 December of each year",A,Annual,TOTAL,Total,TOTAL,Total,PER,Person,UA,Ukraine,AT,Austria,2015,,7932,,,,,
dataflow,ESTAT:MIGR_RESVALID(1.0),"All valid permits by reason, length of validity and citizenship on 31 December of each year",A,Annual,TOTAL,Total,TOTAL,Total,PER,Person,UA,Ukraine,AT,Austria,2016,,8516,,,,,
dataflow,ESTAT:MIGR_RESVALID(1.0),"All valid permits by reason, length of validity and citizenship on 31 December of each year",A,Annual,TOTAL,Total,TOTAL,Total,PER,Person,UA,Ukraine,AT,Austria,2017,,8700,,,,,
dataflow,ESTAT:MIGR_RESVALID(1.0),"All valid permits by reason, length of validity and citizenship on 31 December of each year",A,Annual,TOTAL,Total,TOTAL,Total,PER,Person,UA,Ukraine,AT,Austria,2018,,9097,,,,,
dataflow,ESTAT:MIGR_RESVALID(1.0),"All valid permits by reason, length of validity and citizenship on 31 December of each year",A,Annual,TOTAL,Total,TOTAL,Total,PER,Person,UA,Ukraine,AT,Austria,2019,,9938,,,,,
dataflow,ESTAT:MIGR_RESVALID(1.0),"All valid permits by reason, length of validity and citizenship on 31 December of each year",A,Annual,TOTAL,Total,TOTAL,Total,PER,Person,UA,Ukraine,AT,Austria,2020,,9898,,,,,
dataflow,ESTAT:MIGR_RESVALID(1.0),"All valid permits by reason, length of validity and citizenship on 31 December of each year",A,Annual,TOTAL,Total,TOTAL,Total,PER,Person,UA,Ukraine,AT,Austria,2021,,9973,,,,,
dataflow,ESTAT:MIGR_RESVALID(1.0),"All valid permits by reason, length of validity and citizenship on 31 December of each year",A,Annual,TOTAL,Total,TOTAL,Total,PER,Person,UA,Ukraine,AT,Austria,2022,,9630,,,,,
dataflow,ESTAT:MIGR_RESVALID(1.0),"All valid permits by reason, length of validity and citizenship on 31 December of each year",A,Annual,TOTAL,Total,TOTAL,Total,PER,Person,UA,Ukraine,AT,Austria,2023,,9098,,,,,
dataflow,ESTAT:MIGR_RESVALID(1.0),"All valid permits by reason, length of validity and citizenship on 31 December of each year",A,Annual,TOTAL,Total,TOTAL,Total,PER,Person,UA,Ukraine,AT,Austria,2024,,10448,,,,,
dataflow,ESTAT:MIGR_RESVALID(1.0),"All valid permits by reason, length of validity and citizenship on 31 December of each year",A,Annual,TOTAL,Total,TOTAL,Total,PER,Person,UA,Ukraine,BE,Belgium,2015,,4116,,,,,
dataflow,ESTAT:MIGR_RESVALID(1.0),"All valid permits by reason, length of validity and citizenship on 31 December of each year",A,Annual,TOTAL,Total,TOTAL,Total,PER,Person,UA,Ukraine,BE,Belgium,2016,,4304,,,,,
dataflow,ESTAT:MIGR_RESVALID(1.0),"All valid permits by reason, length of validity and citizenship on 31 December of each year",A,Annual,TOTAL,Total,TOTAL,Total,PER,Person,UA,Ukraine,BE,Belgium,2017,,4374,,,,,
dataflow,ESTAT:MIGR_RESVALID(1.0),"All valid permits by reason, length of validity and citizenship on 31 December of each year",A,Annual,TOTAL,Total,TOTAL,Total,PER,Person,UA,Ukraine,BE,Belgium,2018,,4625,,,,,
dataflow,ESTAT:MIGR_RESVALID(1.0),"All valid permits by reason, length of validity and citizenship on 31 December of each year",A,Annual,TOTAL,Total,TOTAL,Total,PER,Person,UA,Ukraine,BE,Belgium,2019,,5024,,,,,
dataflow,ESTAT:MIGR_RESVALID(1.0),"All valid permits by reason, length of validity and citizenship on 31 December of each year",A,Annual,TOTAL,Total,TOTAL,Total,PER,Person,UA,Ukraine,BE,Belgium,2020,,5214,,,,,
dataflow,ESTAT:MIGR_RESVALID(1.0),"All valid permits by reason, length of validity and citizenship on 31 December of each year",A,Annual,TOTAL,Total,TOTAL,Total,PER,Person,UA,Ukraine,BE,Belgium,2021,,5673,,,,,
dataflow,ESTAT:MIGR_RESVALID(1.0),"All valid permits by reason, length of validity and citizenship on 31 December of each year",A,Annual,TOTAL,Total,TOTAL,Total,PER,Person,UA,Ukraine,BE,Belgium,2022,,5972,,,,,
dataflow,ESTAT:MIGR_RESVALID(1.0),"All valid permits by reason, length of validity and citizenship on 31 December of each year",A,Annual,TOTAL,Total,TOTAL,Total,PER,Person,UA,Ukraine,BE,Belgium,2023,,6306,,,,,
dataflow,ESTAT:MIGR_RESVALID(1.0),"All valid permits by reason, length of validity and citizenship on 31 December of each year",A,Annual,TOTAL,Total,TOTAL,Total,PER,Person,UA,Ukraine,BE,Belgium,2024,,6617,,,,,
dataflow,ESTAT:MIGR_RESVALID(1.0),"All valid permits by reason, length of validity and citizenship on 31 December of each year",A,Annual,TOTAL,Total,TOTAL,Total,PER,Person,UA,Ukraine,BG,Bulgaria,2015,,4005,,,,,
dataflow,ESTAT:MIGR_RESVALID(1.0),"All valid permits by reason, length of validity and citizenship on 31 December of each year",A,Annual,TOTAL,Total,TOTAL,Total,PER,Person,UA,Ukraine,BG,Bulgaria,2016,,3612,,,,,
dataflow,ESTAT:MIGR_RESVALID(1.0),"All valid permits by reason, length of validity and citizenship on 31 December of each year",A,Annual,TOTAL,Total,TOTAL,Total,PER,Person,UA,Ukraine,BG,Bulgaria,2017,,5361,,,,,
dataflow,ESTAT:MIGR_RESVALID(1.0),"All valid permits by reason, length of validity and citizenship on 31 December of each year",A,Annual,TOTAL,Total,TOTAL,Total,PER,Person,UA,Ukraine,BG,Bulgaria,2018,,5048,,,,,
dataflow,ESTAT:MIGR_RESVALID(1.0),"All valid permits by reason, length of validity and citizenship on 31 December of each year",A,Annual,TOTAL,Total,TOTAL,Total,PER,Person,UA,Ukraine,BG,Bulgaria,2019,,6669,,,,,
dataflow,ESTAT:MIGR_RESVALID(1.0),"All valid permits by reason, length of validity and citizenship on 31 December of each year",A,Annual,TOTAL,Total,TOTAL,Total,PER,Person,UA,Ukraine,BG,Bulgaria,2020,,7911,,,,,
dataflow,ESTAT:MIGR_RESVALID(1.0),"All valid permits by reason, length of validity and citizenship on 31 December of each year",A,Annual,TOTAL,Total,TOTAL,Total,PER,Person,UA,Ukraine,BG,Bulgaria,2021,,9149,,,,,
dataflow,ESTAT:MIGR_RESVALID(1.0),"All valid permits by reason, length of validity and citizenship on 31 December of each year",A,Annual,TOTAL,Total,TOTAL,Total,PER,Person,UA,Ukraine,BG,Bulgaria,2022,,8553,,,,,
dataflow,ESTAT:MIGR_RESVALID(1.0),"All valid permits by reason, length of validity and citizenship on 31 December of each year",A,Annual,TOTAL,Total,TOTAL,Total,PER,Person,UA,Ukraine,BG,Bulgaria,2023,,10123,,,,,
dataflow,ESTAT:MIGR_RESVALID(1.0),"All valid permits by reason, length of validity and citizenship on 31 December of each year",A,Annual,TOTAL,Total,TOTAL,Total,PER,Person,UA,Ukraine,BG,Bulgaria,2024,,10801,,,,,
dataflow,ESTAT:MIGR_RESVALID(1.0),"All valid permits by reason, length of validity and citizenship on 31 December of each year",A,Annual,TOTAL,Total,TOTAL,Total,PER,Person,UA,Ukraine,CH,Switzerland,2015,,6460,,,,,
dataflow,ESTAT:MIGR_RESVALID(1.0),"All valid permits by reason, length of validity and citizenship on 31 December of each year",A,Annual,TOTAL,Total,TOTAL,Total,PER,Person,UA,Ukraine,CH,Switzerland,2016,,6467,,,,,
dataflow,ESTAT:MIGR_RESVALID(1.0),"All valid permits by reason, length of validity and citizenship on 31 December of each year",A,Annual,TOTAL,Total,TOTAL,Total,PER,Person,UA,Ukraine,CH,Switzerland,2017,,6452,,,,,
dataflow,ESTAT:MIGR_RESVALID(1.0),"All valid permits by reason, length of validity and citizenship on 31 December of each year",A,Annual,TOTAL,Total,TOTAL,Total,PER,Person,UA,Ukraine,CH,Switzerland,2018,,6477,,,,,
dataflow,ESTAT:MIGR_RESVALID(1.0),"All valid permits by reason, length of validity and citizenship on 31 December of each year",A,Annual,TOTAL,Total,TOTAL,Total,PER,Person,UA,Ukraine,CH,Switzerland,2019,,6645,,,,,
dataflow,ESTAT:MIGR_RESVALID(1.0),"All valid permits by reason, length of validity and citizenship on 31 December of each year",A,Annual,TOTAL,Total,TOTAL,Total,PER,Person,UA,Ukraine,CH,Switzerland,2020,,6877,,,,,
dataflow,ESTAT:MIGR_RESVALID(1.0),"All valid permits by reason, length of validity and citizenship on 31 December of each year",A,Annual,TOTAL,Total,TOTAL,Total,PER,Person,UA,Ukraine,CH,Switzerland,2021,,7146,,,,,
dataflow,ESTAT:MIGR_RESVALID(1.0),"All valid permits by reason, length of validity and citizenship on 31 December of each year",A,Annual,TOTAL,Total,TOTAL,Total,PER,Person,UA,Ukraine,CH,Switzerland,2022,,7301,,,,,
dataflow,ESTAT:MIGR_RESVALID(1.0),"All valid permits by reason, length of validity and citizenship on 31 December of each year",A,Annual,TOTAL,Total,TOTAL,Total,PER,Person,UA,Ukraine,CH,Switzerland,2023,,7462,,,,,
dataflow,ESTAT:MIGR_RESVALID(1.0),"All valid permits by reason, length of validity and citizenship on 31 December of each year",A,Annual,TOTAL,Total,TOTAL,Total,PER,Person,UA,Ukraine,CH,Switzerland,2024,,7616,,,,,
dataflow,ESTAT:MIGR_RESVALID(1.0),"All valid permits by reason, length of validity and citizenship on 31 December of each year",A,Annual,TOTAL,Total,TOTAL,Total,PER,Person,UA,Ukraine,CY,Cyprus,2015,,2819,,,,,
dataflow,ESTAT:MIGR_RESVALID(1.0),"All valid permits by reason, length of validity and citizenship on 31 December of each year",A,Annual,TOTAL,Total,TOTAL,Total,PER,Person,UA,Ukraine,CY,Cyprus,2016,,2728,,,,,
dataflow,ESTAT:MIGR_RESVALID(1.0),"All valid permits by reason, length of validity and citizenship on 31 December of each year",A,Annual,TOTAL,Total,TOTAL,Total,PER,Person,UA,Ukraine,CY,Cyprus,2017,,2703,,,,,
dataflow,ESTAT:MIGR_RESVALID(1.0),"All valid permits by reason, length of validity and citizenship on 31 December of each year",A,Annual,TOTAL,Total,TOTAL,Total,PER,Person,UA,Ukraine,CY,Cyprus,2018,,3903,,,,,
dataflow,ESTAT:MIGR_RESVALID(1.0),"All valid permits by reason, length of validity and citizenship on 31 December of each year",A,Annual,TOTAL,Total,TOTAL,Total,PER,Person,UA,Ukraine,CY,Cyprus,2019,,4187,,,,,
dataflow,ESTAT:MIGR_RESVALID(1.0),"All valid permits by reason, length of validity and citizenship on 31 December of each year",A,Annual,TOTAL,Total,TOTAL,Total,PER,Person,UA,Ukraine,CY,Cyprus,2020,,4151,,,,,
dataflow,ESTAT:MIGR_RESVALID(1.0),"All valid permits by reason, length of validity and citizenship on 31 December of each year",A,Annual,TOTAL,Total,TOTAL,Total,PER,Person,UA,Ukraine,CY,Cyprus,2021,,4573,,,,,
dataflow,ESTAT:MIGR_RESVALID(1.0),"All valid permits by reason, length of validity and citizenship on 31 December of each year",A,Annual,TOTAL,Total,TOTAL,Total,PER,Person,UA,Ukraine,CY,Cyprus,2022,,4912,,,,,
dataflow,ESTAT:MIGR_RESVALID(1.0),"All valid permits by reason, length of validity and citizenship on 31 December of each year",A,Annual,TOTAL,Total,TOTAL,Total,PER,Person,UA,Ukraine,CY,Cyprus,2023,,5141,,,,,
dataflow,ESTAT:MIGR_RESVALID(1.0),"All valid permits by reason, length of validity and citizenship on 31 December of each year",A,Annual,TOTAL,Total,TOTAL,Total,PER,Person,UA,Ukraine,CY,Cyprus,2024,,6180,,,,,
dataflow,ESTAT:MIGR_RESVALID(1.0),"All valid permits by reason, length of validity and citizenship on 31 December of each year",A,Annual,TOTAL,Total,TOTAL,Total,PER,Person,UA,Ukraine,CZ,Czechia,2015,,113863,,,,,
dataflow,ESTAT:MIGR_RESVALID(1.0),"All valid permits by reason, length of validity and citizenship on 31 December of each year",A,Annual,TOTAL,Total,TOTAL,Total,PER,Person,UA,Ukraine,CZ,Czechia,2016,,119667,,,,,
dataflow,ESTAT:MIGR_RESVALID(1.0),"All valid permits by reason, length of validity and citizenship on 31 December of each year",A,Annual,TOTAL,Total,TOTAL,Total,PER,Person,UA,Ukraine,CZ,Czechia,2017,,116236,,,,,
dataflow,ESTAT:MIGR_RESVALID(1.0),"All valid permits by reason, length of validity and citizenship on 31 December of each year",A,Annual,TOTAL,Total,TOTAL,Total,PER,Person,UA,Ukraine,CZ,Czechia,2018,,131619,,,,,
dataflow,ESTAT:MIGR_RESVALID(1.0),"All valid permits by reason, length of validity and citizenship on 31 December of each year",A,Annual,TOTAL,Total,TOTAL,Total,PER,Person,UA,Ukraine,CZ,Czechia,2019,,145410,,,,,
dataflow,ESTAT:MIGR_RESVALID(1.0),"All valid permits by reason, length of validity and citizenship on 31 December of each year",A,Annual,TOTAL,Total,TOTAL,Total,PER,Person,UA,Ukraine,CZ,Czechia,2020,,165572,,,,,
dataflow,ESTAT:MIGR_RESVALID(1.0),"All valid permits by reason, length of validity and citizenship on 31 December of each year",A,Annual,TOTAL,Total,TOTAL,Total,PER,Person,UA,Ukraine,CZ,Czechia,2021,,193547,,,,,
dataflow,ESTAT:MIGR_RESVALID(1.0),"All valid permits by reason, length of validity and citizenship on 31 December of each year",A,Annual,TOTAL,Total,TOTAL,Total,PER,Person,UA,Ukraine,CZ,Czechia,2022,,198578,,,,,
dataflow,ESTAT:MIGR_RESVALID(1.0),"All valid permits by reason, length of validity and citizenship on 31 December of each year",A,Annual,TOTAL,Total,TOTAL,Total,PER,Person,UA,Ukraine,CZ,Czechia,2023,,195103,,,,,
dataflow,ESTAT:MIGR_RESVALID(1.0),"All valid permits by reason, length of validity and citizenship on 31 December of each year",A,Annual,TOTAL,Total,TOTAL,Total,PER,Person,UA,Ukraine,CZ,Czechia,2024,,197944,,,,,
dataflow,ESTAT:MIGR_RESVALID(1.0),"All valid permits by reason, length of validity and citizenship on 31 December of each year",A,Annual,TOTAL,Total,TOTAL,Total,PER,Person,UA,Ukraine,DE,Germany,2015,,113226,,,,,
dataflow,ESTAT:MIGR_RESVALID(1.0),"All valid permits by reason, length of validity and citizenship on 31 December of each year",A,Annual,TOTAL,Total,TOTAL,Total,PER,Person,UA,Ukraine,DE,Germany,2016,,114277,,,,,
dataflow,ESTAT:MIGR_RESVALID(1.0),"All valid permits by reason, length of validity and citizenship on 31 December of each year",A,Annual,TOTAL,Total,TOTAL,Total,PER,Person,UA,Ukraine,DE,Germany,2017,,117793,,,,,
dataflow,ESTAT:MIGR_RESVALID(1.0),"All valid permits by reason, length of validity and citizenship on 31 December of each year",A,Annual,TOTAL,Total,TOTAL,Total,PER,Person,UA,Ukraine,DE,Germany,2018,,120896,,,,,
dataflow,ESTAT:MIGR_RESVALID(1.0),"All valid permits by reason, length of validity and citizenship on 31 December of each year",A,Annual,TOTAL,Total,TOTAL,Total,PER,Person,UA,Ukraine,DE,Germany,2019,,83847,,,,,
dataflow,ESTAT:MIGR_RESVALID(1.0),"All valid permits by reason, length of validity and citizenship on 31 December of each year",A,Annual,TOTAL,Total,TOTAL,Total,PER,Person,UA,Ukraine,DE,Germany,2020,,80185,,,,,
dataflow,ESTAT:MIGR_RESVALID(1.0),"All valid permits by reason, length of validity and citizenship on 31 December of each year",A,Annual,TOTAL,Total,TOTAL,Total,PER,Person,UA,Ukraine,DE,Germany,2021,,109279,,,,,
dataflow,ESTAT:MIGR_RESVALID(1.0),"All valid permits by reason, length of validity and citizenship on 31 December of each year",A,Annual,TOTAL,Total,TOTAL,Total,PER,Person,UA,Ukraine,DE,Germany,2022,,117703,,,,,
dataflow,ESTAT:MIGR_RESVALID(1.0),"All valid permits by reason, length of validity and citizenship on 31 December of each year",A,Annual,TOTAL,Total,TOTAL,Total,PER,Person,UA,Ukraine,DE,Germany,2023,,119636,,,,,
dataflow,ESTAT:MIGR_RESVALID(1.0),"All valid permits by reason, length of validity and citizenship on 31 December of each year",A,Annual,TOTAL,Total,TOTAL,Total,PER,Person,UA,Ukraine,DE,Germany,2024,,111145,,,,,
dataflow,ESTAT:MIGR_RESVALID(1.0),"All valid permits by reason, length of validity and citizenship on 31 December of each year",A,Annual,TOTAL,Total,TOTAL,Total,PER,Person,UA,Ukraine,DK,Denmark,2015,,8584,,,,,
dataflow,ESTAT:MIGR_RESVALID(1.0),"All valid permits by reason, length of validity and citizenship on 31 December of each year",A,Annual,TOTAL,Total,TOTAL,Total,PER,Person,UA,Ukraine,DK,Denmark,2016,,9163,,,,,
dataflow,ESTAT:MIGR_RESVALID(1.0),"All valid permits by reason, length of validity and citizenship on 31 December of each year",A,Annual,TOTAL,Total,TOTAL,Total,PER,Person,UA,Ukraine,DK,Denmark,2017,,10203,,,,,
dataflow,ESTAT:MIGR_RESVALID(1.0),"All valid permits by reason, length of validity and citizenship on 31 December of each year",A,Annual,TOTAL,Total,TOTAL,Total,PER,Person,UA,Ukraine,DK,Denmark,2018,,11716,,,,,
dataflow,ESTAT:MIGR_RESVALID(1.0),"All valid permits by reason, length of validity and citizenship on 31 December of each year",A,Annual,TOTAL,Total,TOTAL,Total,PER,Person,UA,Ukraine,DK,Denmark,2019,,12721,,,,,
dataflow,ESTAT:MIGR_RESVALID(1.0),"All valid permits by reason, length of validity and citizenship on 31 December of each year",A,Annual,TOTAL,Total,TOTAL,Total,PER,Person,UA,Ukraine,DK,Denmark,2020,,12821,,,,,
dataflow,ESTAT:MIGR_RESVALID(1.0),"All valid permits by reason, length of validity and citizenship on 31 December of each year",A,Annual,TOTAL,Total,TOTAL,Total,PER,Person,UA,Ukraine,DK,Denmark,2021,,13715,,,,,
dataflow,ESTAT:MIGR_RESVALID(1.0),"All valid permits by reason, length of validity and citizenship on 31 December of each year",A,Annual,TOTAL,Total,TOTAL,Total,PER,Person,UA,Ukraine,DK,Denmark,2022,,40573,,,,,
dataflow,ESTAT:MIGR_RESVALID(1.0),"All valid permits by reason, length of validity and citizenship on 31 December of each year",A,Annual,TOTAL,Total,TOTAL,Total,PER,Person,UA,Ukraine,DK,Denmark,2023,,42761,,,,,
dataflow,ESTAT:MIGR_RESVALID(1.0),"All valid permits by reason, length of validity and citizenship on 31 December of each year",A,Annual,TOTAL,Total,TOTAL,Total,PER,Person,UA,Ukraine,DK,Denmark,2024,,47644,,,,,
dataflow,ESTAT:MIGR_RESVALID(1.0),"All valid permits by reason, length of validity and citizenship on 31 December of each year",A,Annual,TOTAL,Total,TOTAL,Total,PER,Person,UA,Ukraine,EE,Estonia,2015,,7780,,,,,
dataflow,ESTAT:MIGR_RESVALID(1.0),"All valid permits by reason, length of validity and citizenship on 31 December of each year",A,Annual,TOTAL,Total,TOTAL,Total,PER,Person,UA,Ukraine,EE,Estonia,2016,,8627,,,,,
dataflow,ESTAT:MIGR_RESVALID(1.0),"All valid permits by reason, length of validity and citizenship on 31 December of each year",A,Annual,TOTAL,Total,TOTAL,Total,PER,Person,UA,Ukraine,EE,Estonia,2017,,9231,,,,,
dataflow,ESTAT:MIGR_RESVALID(1.0),"All valid permits by reason, length of validity and citizenship on 31 December of each year",A,Annual,TOTAL,Total,TOTAL,Total,PER,Person,UA,Ukraine,EE,Estonia,2018,,10334,,,,,
dataflow,ESTAT:MIGR_RESVALID(1.0),"All valid permits by reason, length of validity and citizenship on 31 December of each year",A,Annual,TOTAL,Total,TOTAL,Total,PER,Person,UA,Ukraine,EE,Estonia,2019,,11542,,,,,
dataflow,ESTAT:MIGR_RESVALID(1.0),"All valid permits by reason, length of validity and citizenship on 31 December of each year",A,Annual,TOTAL,Total,TOTAL,Total,PER,Person,UA,Ukraine,EE,Estonia,2020,,12883,,,,,
dataflow,ESTAT:MIGR_RESVALID(1.0),"All valid permits by reason, length of validity and citizenship on 31 December of each year",A,Annual,TOTAL,Total,TOTAL,Total,PER,Person,UA,Ukraine,EE,Estonia,2021,,14282,,,,,
dataflow,ESTAT:MIGR_RESVALID(1.0),"All valid permits by reason, length of validity and citizenship on 31 December of each year",A,Annual,TOTAL,Total,TOTAL,Total,PER,Person,UA,Ukraine,EE,Estonia,2022,,17605,,,,,
dataflow,ESTAT:MIGR_RESVALID(1.0),"All valid permits by reason, length of validity and citizenship on 31 December of each year",A,Annual,TOTAL,Total,TOTAL,Total,PER,Person,UA,Ukraine,EE,Estonia,2023,,21716,,,,,
dataflow,ESTAT:MIGR_RESVALID(1.0),"All valid permits by reason, length of validity and citizenship on 31 December of each year",A,Annual,TOTAL,Total,TOTAL,Total,PER,Person,UA,Ukraine,EE,Estonia,2024,,22594,,,,,
dataflow,ESTAT:MIGR_RESVALID(1.0),"All valid permits by reason, length of validity and citizenship on 31 December of each year",A,Annual,TOTAL,Total,TOTAL,Total,PER,Person,UA,Ukraine,EL,Greece,2015,,19841,,,,,
dataflow,ESTAT:MIGR_RESVALID(1.0),"All valid permits by reason, length of validity and citizenship on 31 December of each year",A,Annual,TOTAL,Total,TOTAL,Total,PER,Person,UA,Ukraine,EL,Greece,2016,,20084,,,,,
dataflow,ESTAT:MIGR_RESVALID(1.0),"All valid permits by reason, length of validity and citizenship on 31 December of each year",A,Annual,TOTAL,Total,TOTAL,Total,PER,Person,UA,Ukraine,EL,Greece,2017,,19402,,,,,
dataflow,ESTAT:MIGR_RESVALID(1.0),"All valid permits by reason, length of validity and citizenship on 31 December of each year",A,Annual,TOTAL,Total,TOTAL,Total,PER,Person,UA,Ukraine,EL,Greece,2018,,19390,,,,,
dataflow,ESTAT:MIGR_RESVALID(1.0),"All valid permits by reason, length of validity and citizenship on 31 December of each year",A,Annual,TOTAL,Total,TOTAL,Total,PER,Person,UA,Ukraine,EL,Greece,2019,,19082,,,,,
dataflow,ESTAT:MIGR_RESVALID(1.0),"All valid permits by reason, length of validity and citizenship on 31 December of each year",A,Annual,TOTAL,Total,TOTAL,Total,PER,Person,UA,Ukraine,EL,Greece,2020,,18853,,,,,
dataflow,ESTAT:MIGR_RESVALID(1.0),"All valid permits by reason, length of validity and citizenship on 31 December of each year",A,Annual,TOTAL,Total,TOTAL,Total,PER,Person,UA,Ukraine,EL,Greece,2021,,20737,,,,,
dataflow,ESTAT:MIGR_RESVALID(1.0),"All valid permits by reason, length of validity and citizenship on 31 December of each year",A,Annual,TOTAL,Total,TOTAL,Total,PER,Person,UA,Ukraine,EL,Greece,2022,,16153,,,,,
dataflow,ESTAT:MIGR_RESVALID(1.0),"All valid permits by reason, length of validity and citizenship on 31 December of each year",A,Annual,TOTAL,Total,TOTAL,Total,PER,Person,UA,Ukraine,EL,Greece,2023,,15659,,,,,
dataflow,ESTAT:MIGR_RESVALID(1.0),"All valid permits by reason, length of validity and citizenship on 31 December of each year",A,Annual,TOTAL,Total,TOTAL,Total,PER,Person,UA,Ukraine,EL,Greece,2024,,15539,,,,,
dataflow,ESTAT:MIGR_RESVALID(1.0),"All valid permits by reason, length of validity and citizenship on 31 December of each year",A,Annual,TOTAL,Total,TOTAL,Total,PER,Person,UA,Ukraine,ES,Spain,2015,,84333,,,,,
dataflow,ESTAT:MIGR_RESVALID(1.0),"All valid permits by reason, length of validity and citizenship on 31 December of each year",A,Annual,TOTAL,Total,TOTAL,Total,PER,Person,UA,Ukraine,ES,Spain,2016,,85929,,,,,
dataflow,ESTAT:MIGR_RESVALID(1.0),"All valid permits by reason, length of validity and citizenship on 31 December of each year",A,Annual,TOTAL,Total,TOTAL,Total,PER,Person,UA,Ukraine,ES,Spain,2017,,88640,,,,,
dataflow,ESTAT:MIGR_RESVALID(1.0),"All valid permits by reason, length of validity and citizenship on 31 December of each year",A,Annual,TOTAL,Total,TOTAL,Total,PER,Person,UA,Ukraine,ES,Spain,2018,,91574,,,,,
dataflow,ESTAT:MIGR_RESVALID(1.0),"All valid permits by reason, length of validity and citizenship on 31 December of each year",A,Annual,TOTAL,Total,TOTAL,Total,PER,Person,UA,Ukraine,ES,Spain,2019,,94015,,,,,
dataflow,ESTAT:MIGR_RESVALID(1.0),"All valid permits by reason, length of validity and citizenship on 31 December of each year",A,Annual,TOTAL,Total,TOTAL,Total,PER,Person,UA,Ukraine,ES,Spain,2020,,94523,,,,,
dataflow,ESTAT:MIGR_RESVALID(1.0),"All valid permits by reason, length of validity and citizenship on 31 December of each year",A,Annual,TOTAL,Total,TOTAL,Total,PER,Person,UA,Ukraine,ES,Spain,2021,,97442,,,,,
dataflow,ESTAT:MIGR_RESVALID(1.0),"All valid permits by reason, length of validity and citizenship on 31 December of each year",A,Annual,TOTAL,Total,TOTAL,Total,PER,Person,UA,Ukraine,ES,Spain,2022,,97482,,,,,
dataflow,ESTAT:MIGR_RESVALID(1.0),"All valid permits by reason, length of validity and citizenship on 31 December of each year",A,Annual,TOTAL,Total,TOTAL,Total,PER,Person,UA,Ukraine,ES,Spain,2023,,94679,,,,,
dataflow,ESTAT:MIGR_RESVALID(1.0),"All valid permits by reason, length of validity and citizenship on 31 December of each year",A,Annual,TOTAL,Total,TOTAL,Total,PER,Person,UA,Ukraine,ES,Spain,2024,,93418,,,,,
dataflow,ESTAT:MIGR_RESVALID(1.0),"All valid permits by reason, length of validity and citizenship on 31 December of each year",A,Annual,TOTAL,Total,TOTAL,Total,PER,Person,UA,Ukraine,EU27_2020,European Union - 27 countries (from 2020),2015,,1030366,,,,,
dataflow,ESTAT:MIGR_RESVALID(1.0),"All valid permits by reason, length of validity and citizenship on 31 December of each year",A,Annual,TOTAL,Total,TOTAL,Total,PER,Person,UA,Ukraine,EU27_2020,European Union - 27 countries (from 2020),2016,,1116156,,,,,
dataflow,ESTAT:MIGR_RESVALID(1.0),"All valid permits by reason, length of validity and citizenship on 31 December of each year",A,Annual,TOTAL,Total,TOTAL,Total,PER,Person,UA,Ukraine,EU27_2020,European Union - 27 countries (from 2020),2017,,1182603,,,,,
dataflow,ESTAT:MIGR_RESVALID(1.0),"All valid permits by reason, length of validity and citizenship on 31 December of each year",A,Annual,TOTAL,Total,TOTAL,Total,PER,Person,UA,Ukraine,EU27_2020,European Union - 27 countries (from 2020),2018,,1198390,,,,,
dataflow,ESTAT:MIGR_RESVALID(1.0),"All valid permits by reason, length of validity and citizenship on 31 December of each year",A,Annual,TOTAL,Total,TOTAL,Total,PER,Person,UA,Ukraine,EU27_2020,European Union - 27 countries (from 2020),2019,,1299920,,,,,
dataflow,ESTAT:MIGR_RESVALID(1.0),"All valid permits by reason, length of validity and citizenship on 31 December of each year",A,Annual,TOTAL,Total,TOTAL,Total,PER,Person,UA,Ukraine,EU27_2020,European Union - 27 countries (from 2020),2020,,1350947,,,,,
dataflow,ESTAT:MIGR_RESVALID(1.0),"All valid permits by reason, length of validity and citizenship on 31 December of each year",A,Annual,TOTAL,Total,TOTAL,Total,PER,Person,UA,Ukraine,EU27_2020,European Union - 27 countries (from 2020),2021,,1599595,,,,,
dataflow,ESTAT:MIGR_RESVALID(1.0),"All valid permits by reason, length of validity and citizenship on 31 December of each year",A,Annual,TOTAL,Total,TOTAL,Total,PER,Person,UA,Ukraine,EU27_2020,European Union - 27 countries (from 2020),2022,,1468569,,,,,
dataflow,ESTAT:MIGR_RESVALID(1.0),"All valid permits by reason, length of validity and citizenship on 31 December of each year",A,Annual,TOTAL,Total,TOTAL,Total,PER,Person,UA,Ukraine,EU27_2020,European Union - 27 countries (from 2020),2023,,1525592,,,,,
dataflow,ESTAT:MIGR_RESVALID(1.0),"All valid permits by reason, length of validity and citizenship on 31 December of each year",A,Annual,TOTAL,Total,TOTAL,Total,PER,Person,UA,Ukraine,EU27_2020,European Union - 27 countries (from 2020),2024,,1629348,,,,,
dataflow,ESTAT:MIGR_RESVALID(1.0),"All valid permits by reason, length of validity and citizenship on 31 December of each year",A,Annual,TOTAL,Total,TOTAL,Total,PER,Person,UA,Ukraine,EU28,European Union - 28 countries (2013-2020),2015,,1035999,,,,,
dataflow,ESTAT:MIGR_RESVALID(1.0),"All valid permits by reason, length of validity and citizenship on 31 December of each year",A,Annual,TOTAL,Total,TOTAL,Total,PER,Person,UA,Ukraine,EU28,European Union - 28 countries (2013-2020),2016,,1123460,,,,,
dataflow,ESTAT:MIGR_RESVALID(1.0),"All valid permits by reason, length of validity and citizenship on 31 December of each year",A,Annual,TOTAL,Total,TOTAL,Total,PER,Person,UA,Ukraine,EU28,European Union - 28 countries (2013-2020),2017,,1190075,,,,,
dataflow,ESTAT:MIGR_RESVALID(1.0),"All valid permits by reason, length of validity and citizenship on 31 December of each year",A,Annual,TOTAL,Total,TOTAL,Total,PER,Person,UA,Ukraine,EU28,European Union - 28 countries (2013-2020),2018,,1205828,,,,,
dataflow,ESTAT:MIGR_RESVALID(1.0),"All valid permits by reason, length of validity and citizenship on 31 December of each year",A,Annual,TOTAL,Total,TOTAL,Total,PER,Person,UA,Ukraine,FI,Finland,2015,,3256,,,,,
dataflow,ESTAT:MIGR_RESVALID(1.0),"All valid permits by reason, length of validity and citizenship on 31 December of each year",A,Annual,TOTAL,Total,TOTAL,Total,PER,Person,UA,Ukraine,FI,Finland,2016,,3552,,,,,
dataflow,ESTAT:MIGR_RESVALID(1.0),"All valid permits by reason, length of validity and citizenship on 31 December of each year",A,Annual,TOTAL,Total,TOTAL,Total,PER,Person,UA,Ukraine,FI,Finland,2017,,4175,,,,,
dataflow,ESTAT:MIGR_RESVALID(1.0),"All valid permits by reason, length of validity and citizenship on 31 December of each year",A,Annual,TOTAL,Total,TOTAL,Total,PER,Person,UA,Ukraine,FI,Finland,2018,,4788,,,,,
dataflow,ESTAT:MIGR_RESVALID(1.0),"All valid permits by reason, length of validity and citizenship on 31 December of each year",A,Annual,TOTAL,Total,TOTAL,Total,PER,Person,UA,Ukraine,FI,Finland,2019,,5513,,,,,
dataflow,ESTAT:MIGR_RESVALID(1.0),"All valid permits by reason, length of validity and citizenship on 31 December of each year",A,Annual,TOTAL,Total,TOTAL,Total,PER,Person,UA,Ukraine,FI,Finland,2020,,6613,,,,,
dataflow,ESTAT:MIGR_RESVALID(1.0),"All valid permits by reason, length of validity and citizenship on 31 December of each year",A,Annual,TOTAL,Total,TOTAL,Total,PER,Person,UA,Ukraine,FI,Finland,2021,,8561,,,,,
dataflow,ESTAT:MIGR_RESVALID(1.0),"All valid permits by reason, length of validity and citizenship on 31 December of each year",A,Annual,TOTAL,Total,TOTAL,Total,PER,Person,UA,Ukraine,FI,Finland,2022,,9075,,,,,
dataflow,ESTAT:MIGR_RESVALID(1.0),"All valid permits by reason, length of validity and citizenship on 31 December of each year",A,Annual,TOTAL,Total,TOTAL,Total,PER,Person,UA,Ukraine,FI,Finland,2023,,9337,,,,,
dataflow,ESTAT:MIGR_RESVALID(1.0),"All valid permits by reason, length of validity and citizenship on 31 December of each year",A,Annual,TOTAL,Total,TOTAL,Total,PER,Person,UA,Ukraine,FI,Finland,2024,,11598,,,,,
dataflow,ESTAT:MIGR_RESVALID(1.0),"All valid permits by reason, length of validity and citizenship on 31 December of each year",A,Annual,TOTAL,Total,TOTAL,Total,PER,Person,UA,Ukraine,FR,France,2015,,10103,,,,,
dataflow,ESTAT:MIGR_RESVALID(1.0),"All valid permits by reason, length of validity and citizenship on 31 December of each year",A,Annual,TOTAL,Total,TOTAL,Total,PER,Person,UA,Ukraine,FR,France,2016,,10822,,,,,
dataflow,ESTAT:MIGR_RESVALID(1.0),"All valid permits by reason, length of validity and citizenship on 31 December of each year",A,Annual,TOTAL,Total,TOTAL,Total,PER,Person,UA,Ukraine,FR,France,2017,,11912,,,,,
dataflow,ESTAT:MIGR_RESVALID(1.0),"All valid permits by reason, length of validity and citizenship on 31 December of each year",A,Annual,TOTAL,Total,TOTAL,Total,PER,Person,UA,Ukraine,FR,France,2018,,13013,,,,,
dataflow,ESTAT:MIGR_RESVALID(1.0),"All valid permits by reason, length of validity and citizenship on 31 December of each year",A,Annual,TOTAL,Total,TOTAL,Total,PER,Person,UA,Ukraine,FR,France,2019,,14182,,,,,
dataflow,ESTAT:MIGR_RESVALID(1.0),"All valid permits by reason, length of validity and citizenship on 31 December of each year",A,Annual,TOTAL,Total,TOTAL,Total,PER,Person,UA,Ukraine,FR,France,2020,,17585,,,,,
dataflow,ESTAT:MIGR_RESVALID(1.0),"All valid permits by reason, length of validity and citizenship on 31 December of each year",A,Annual,TOTAL,Total,TOTAL,Total,PER,Person,UA,Ukraine,FR,France,2021,,18610,,p,provisional,,
dataflow,ESTAT:MIGR_RESVALID(1.0),"All valid permits by reason, length of validity and citizenship on 31 December of each year",A,Annual,TOTAL,Total,TOTAL,Total,PER,Person,UA,Ukraine,FR,France,2022,,19425,,,,,
dataflow,ESTAT:MIGR_RESVALID(1.0),"All valid permits by reason, length of validity and citizenship on 31 December of each year",A,Annual,TOTAL,Total,TOTAL,Total,PER,Person,UA,Ukraine,FR,France,2023,,21690,,,,,
dataflow,ESTAT:MIGR_RESVALID(1.0),"All valid permits by reason, length of validity and citizenship on 31 December of each year",A,Annual,TOTAL,Total,TOTAL,Total,PER,Person,UA,Ukraine,FR,France,2024,,31020,,,,,
dataflow,ESTAT:MIGR_RESVALID(1.0),"All valid permits by reason, length of validity and citizenship on 31 December of each year",A,Annual,TOTAL,Total,TOTAL,Total,PER,Person,UA,Ukraine,HR,Croatia,2015,,464,,,,,
dataflow,ESTAT:MIGR_RESVALID(1.0),"All valid permits by reason, length of validity and citizenship on 31 December of each year",A,Annual,TOTAL,Total,TOTAL,Total,PER,Person,UA,Ukraine,HR,Croatia,2016,,690,,,,,
dataflow,ESTAT:MIGR_RESVALID(1.0),"All valid permits by reason, length of validity and citizenship on 31 December of each year",A,Annual,TOTAL,Total,TOTAL,Total,PER,Person,UA,Ukraine,HR,Croatia,2017,,913,,,,,
dataflow,ESTAT:MIGR_RESVALID(1.0),"All valid permits by reason, length of validity and citizenship on 31 December of each year",A,Annual,TOTAL,Total,TOTAL,Total,PER,Person,UA,Ukraine,HR,Croatia,2018,,1354,,,,,
dataflow,ESTAT:MIGR_RESVALID(1.0),"All valid permits by reason, length of validity and citizenship on 31 December of each year",A,Annual,TOTAL,Total,TOTAL,Total,PER,Person,UA,Ukraine,HR,Croatia,2019,,2304,,,,,
dataflow,ESTAT:MIGR_RESVALID(1.0),"All valid permits by reason, length of validity and citizenship on 31 December of each year",A,Annual,TOTAL,Total,TOTAL,Total,PER,Person,UA,Ukraine,HR,Croatia,2020,,2464,,,,,
dataflow,ESTAT:MIGR_RESVALID(1.0),"All valid permits by reason, length of validity and citizenship on 31 December of each year",A,Annual,TOTAL,Total,TOTAL,Total,PER,Person,UA,Ukraine,HR,Croatia,2021,,2405,,,,,
dataflow,ESTAT:MIGR_RESVALID(1.0),"All valid permits by reason, length of validity and citizenship on 31 December of each year",A,Annual,TOTAL,Total,TOTAL,Total,PER,Person,UA,Ukraine,HR,Croatia,2022,,2213,,,,,
dataflow,ESTAT:MIGR_RESVALID(1.0),"All valid permits by reason, length of validity and citizenship on 31 December of each year",A,Annual,TOTAL,Total,TOTAL,Total,PER,Person,UA,Ukraine,HR,Croatia,2023,,2074,,,,,
dataflow,ESTAT:MIGR_RESVALID(1.0),"All valid permits by reason, length of validity and citizenship on 31 December of each year",A,Annual,TOTAL,Total,TOTAL,Total,PER,Person,UA,Ukraine,HR,Croatia,2024,,2126,,,,,
dataflow,ESTAT:MIGR_RESVALID(1.0),"All valid permits by reason, length of validity and citizenship on 31 December of each year",A,Annual,TOTAL,Total,TOTAL,Total,PER,Person,UA,Ukraine,HU,Hungary,2015,,2271,,,,,
dataflow,ESTAT:MIGR_RESVALID(1.0),"All valid permits by reason, length of validity and citizenship on 31 December of each year",A,Annual,TOTAL,Total,TOTAL,Total,PER,Person,UA,Ukraine,HU,Hungary,2016,,3428,,,,,
dataflow,ESTAT:MIGR_RESVALID(1.0),"All valid permits by reason, length of validity and citizenship on 31 December of each year",A,Annual,TOTAL,Total,TOTAL,Total,PER,Person,UA,Ukraine,HU,Hungary,2017,,13196,,b,break in time series,,
dataflow,ESTAT:MIGR_RESVALID(1.0),"All valid permits by reason, length of validity and citizenship on 31 December of each year",A,Annual,TOTAL,Total,TOTAL,Total,PER,Person,UA,Ukraine,HU,Hungary,2018,,26567,,,,,
dataflow,ESTAT:MIGR_RESVALID(1.0),"All valid permits by reason, length of validity and citizenship on 31 December of each year",A,Annual,TOTAL,Total,TOTAL,Total,PER,Person,UA,Ukraine,HU,Hungary,2019,,56347,,,,,
dataflow,ESTAT:MIGR_RESVALID(1.0),"All valid permits by reason, length of validity and citizenship on 31 December of each year",A,Annual,TOTAL,Total,TOTAL,Total,PER,Person,UA,Ukraine,HU,Hungary,2020,,57866,,,,,
dataflow,ESTAT:MIGR_RESVALID(1.0),"All valid permits by reason, length of validity and citizenship on 31 December of each year",A,Annual,TOTAL,Total,TOTAL,Total,PER,Person,UA,Ukraine,HU,Hungary,2021,,63175,,,,,
dataflow,ESTAT:MIGR_RESVALID(1.0),"All valid permits by reason, length of validity and citizenship on 31 December of each year",A,Annual,TOTAL,Total,TOTAL,Total,PER,Person,UA,Ukraine,HU,Hungary,2022,,61566,,,,,
dataflow,ESTAT:MIGR_RESVALID(1.0),"All valid permits by reason, length of validity and citizenship on 31 December of each year",A,Annual,TOTAL,Total,TOTAL,Total,PER,Person,UA,Ukraine,HU,Hungary,2023,,29950,,,,,
dataflow,ESTAT:MIGR_RESVALID(1.0),"All valid permits by reason, length of validity and citizenship on 31 December of each year",A,Annual,TOTAL,Total,TOTAL,Total,PER,Person,UA,Ukraine,HU,Hungary,2024,,21538,,,,,
dataflow,ESTAT:MIGR_RESVALID(1.0),"All valid permits by reason, length of validity and citizenship on 31 December of each year",A,Annual,TOTAL,Total,TOTAL,Total,PER,Person,UA,Ukraine,IE,Ireland,2015,,1766,,,,,
dataflow,ESTAT:MIGR_RESVALID(1.0),"All valid permits by reason, length of validity and citizenship on 31 December of each year",A,Annual,TOTAL,Total,TOTAL,Total,PER,Person,UA,Ukraine,IE,Ireland,2016,,1672,,,,,
dataflow,ESTAT:MIGR_RESVALID(1.0),"All valid permits by reason, length of validity and citizenship on 31 December of each year",A,Annual,TOTAL,Total,TOTAL,Total,PER,Person,UA,Ukraine,IE,Ireland,2017,,1803,,,,,
dataflow,ESTAT:MIGR_RESVALID(1.0),"All valid permits by reason, length of validity and citizenship on 31 December of each year",A,Annual,TOTAL,Total,TOTAL,Total,PER,Person,UA,Ukraine,IE,Ireland,2018,,1804,,,,,
dataflow,ESTAT:MIGR_RESVALID(1.0),"All valid permits by reason, length of validity and citizenship on 31 December of each year",A,Annual,TOTAL,Total,TOTAL,Total,PER,Person,UA,Ukraine,IE,Ireland,2019,,2197,,,,,
dataflow,ESTAT:MIGR_RESVALID(1.0),"All valid permits by reason, length of validity and citizenship on 31 December of each year",A,Annual,TOTAL,Total,TOTAL,Total,PER,Person,UA,Ukraine,IE,Ireland,2020,,2161,,,,,
dataflow,ESTAT:MIGR_RESVALID(1.0),"All valid permits by reason, length of validity and citizenship on 31 December of each year",A,Annual,TOTAL,Total,TOTAL,Total,PER,Person,UA,Ukraine,IE,Ireland,2021,,2144,,u,low reliability,,
dataflow,ESTAT:MIGR_RESVALID(1.0),"All valid permits by reason, length of validity and citizenship on 31 December of each year",A,Annual,TOTAL,Total,TOTAL,Total,PER,Person,UA,Ukraine,IE,Ireland,2022,,2291,,u,low reliability,,
dataflow,ESTAT:MIGR_RESVALID(1.0),"All valid permits by reason, length of validity and citizenship on 31 December of each year",A,Annual,TOTAL,Total,TOTAL,Total,PER,Person,UA,Ukraine,IE,Ireland,2023,,2104,,u,low reliability,,
dataflow,ESTAT:MIGR_RESVALID(1.0),"All valid permits by reason, length of validity and citizenship on 31 December of each year",A,Annual,TOTAL,Total,TOTAL,Total,PER,Person,UA,Ukraine,IE,Ireland,2024,,2232,,u,low reliability,,
dataflow,ESTAT:MIGR_RESVALID(1.0),"All valid permits by reason, length of validity and citizenship on 31 December of each year",A,Annual,TOTAL,Total,TOTAL,Total,PER,Person,UA,Ukraine,IS,Iceland,2015,,167,,,,,
dataflow,ESTAT:MIGR_RESVALID(1.0),"All valid permits by reason, length of validity and citizenship on 31 December of each year",A,Annual,TOTAL,Total,TOTAL,Total,PER,Person,UA,Ukraine,IS,Iceland,2016,,166,,,,,
dataflow,ESTAT:MIGR_RESVALID(1.0),"All valid permits by reason, length of validity and citizenship on 31 December of each year",A,Annual,TOTAL,Total,TOTAL,Total,PER,Person,UA,Ukraine,IS,Iceland,2017,,186,,,,,
dataflow,ESTAT:MIGR_RESVALID(1.0),"All valid permits by reason, length of validity and citizenship on 31 December of each year",A,Annual,TOTAL,Total,TOTAL,Total,PER,Person,UA,Ukraine,IS,Iceland,2018,,192,,,,,
dataflow,ESTAT:MIGR_RESVALID(1.0),"All valid permits by reason, length of validity and citizenship on 31 December of each year",A,Annual,TOTAL,Total,TOTAL,Total,PER,Person,UA,Ukraine,IS,Iceland,2019,,204,,,,,
dataflow,ESTAT:MIGR_RESVALID(1.0),"All valid permits by reason, length of validity and citizenship on 31 December of each year",A,Annual,TOTAL,Total,TOTAL,Total,PER,Person,UA,Ukraine,IS,Iceland,2020,,216,,,,,
dataflow,ESTAT:MIGR_RESVALID(1.0),"All valid permits by reason, length of validity and citizenship on 31 December of each year",A,Annual,TOTAL,Total,TOTAL,Total,PER,Person,UA,Ukraine,IS,Iceland,2021,,221,,,,,
dataflow,ESTAT:MIGR_RESVALID(1.0),"All valid permits by reason, length of validity and citizenship on 31 December of each year",A,Annual,TOTAL,Total,TOTAL,Total,PER,Person,UA,Ukraine,IS,Iceland,2022,,243,,,,,
dataflow,ESTAT:MIGR_RESVALID(1.0),"All valid permits by reason, length of validity and citizenship on 31 December of each year",A,Annual,TOTAL,Total,TOTAL,Total,PER,Person,UA,Ukraine,IS,Iceland,2023,,259,,,,,
dataflow,ESTAT:MIGR_RESVALID(1.0),"All valid permits by reason, length of validity and citizenship on 31 December of each year",A,Annual,TOTAL,Total,TOTAL,Total,PER,Person,UA,Ukraine,IS,Iceland,2024,,271,,,,,
dataflow,ESTAT:MIGR_RESVALID(1.0),"All valid permits by reason, length of validity and citizenship on 31 December of each year",A,Annual,TOTAL,Total,TOTAL,Total,PER,Person,UA,Ukraine,IT,Italy,2015,,238566,,,,,
dataflow,ESTAT:MIGR_RESVALID(1.0),"All valid permits by reason, length of validity and citizenship on 31 December of each year",A,Annual,TOTAL,Total,TOTAL,Total,PER,Person,UA,Ukraine,IT,Italy,2016,,234157,,,,,
dataflow,ESTAT:MIGR_RESVALID(1.0),"All valid permits by reason, length of validity and citizenship on 31 December of each year",A,Annual,TOTAL,Total,TOTAL,Total,PER,Person,UA,Ukraine,IT,Italy,2017,,235194,,,,,
dataflow,ESTAT:MIGR_RESVALID(1.0),"All valid permits by reason, length of validity and citizenship on 31 December of each year",A,Annual,TOTAL,Total,TOTAL,Total,PER,Person,UA,Ukraine,IT,Italy,2018,,233984,,,,,
dataflow,ESTAT:MIGR_RESVALID(1.0),"All valid permits by reason, length of validity and citizenship on 31 December of each year",A,Annual,TOTAL,Total,TOTAL,Total,PER,Person,UA,Ukraine,IT,Italy,2019,,230615,,,,,
dataflow,ESTAT:MIGR_RESVALID(1.0),"All valid permits by reason, length of validity and citizenship on 31 December of each year",A,Annual,TOTAL,Total,TOTAL,Total,PER,Person,UA,Ukraine,IT,Italy,2020,,223478,,,,,
dataflow,ESTAT:MIGR_RESVALID(1.0),"All valid permits by reason, length of validity and citizenship on 31 December of each year",A,Annual,TOTAL,Total,TOTAL,Total,PER,Person,UA,Ukraine,IT,Italy,2021,,230366,,,,,
dataflow,ESTAT:MIGR_RESVALID(1.0),"All valid permits by reason, length of validity and citizenship on 31 December of each year",A,Annual,TOTAL,Total,TOTAL,Total,PER,Person,UA,Ukraine,IT,Italy,2022,,254193,,,,,
dataflow,ESTAT:MIGR_RESVALID(1.0),"All valid permits by reason, length of validity and citizenship on 31 December of each year",A,Annual,TOTAL,Total,TOTAL,Total,PER,Person,UA,Ukraine,IT,Italy,2023,,245300,,,,,
dataflow,ESTAT:MIGR_RESVALID(1.0),"All valid permits by reason, length of validity and citizenship on 31 December of each year",A,Annual,TOTAL,Total,TOTAL,Total,PER,Person,UA,Ukraine,IT,Italy,2024,,252325,,,,,
dataflow,ESTAT:MIGR_RESVALID(1.0),"All valid permits by reason, length of validity and citizenship on 31 December of each year",A,Annual,TOTAL,Total,TOTAL,Total,PER,Person,UA,Ukraine,LI,Liechtenstein,2015,,56,,,,,
dataflow,ESTAT:MIGR_RESVALID(1.0),"All valid permits by reason, length of validity and citizenship on 31 December of each year",A,Annual,TOTAL,Total,TOTAL,Total,PER,Person,UA,Ukraine,LI,Liechtenstein,2016,,67,,,,,
dataflow,ESTAT:MIGR_RESVALID(1.0),"All valid permits by reason, length of validity and citizenship on 31 December of each year",A,Annual,TOTAL,Total,TOTAL,Total,PER,Person,UA,Ukraine,LI,Liechtenstein,2017,,73,,,,,
dataflow,ESTAT:MIGR_RESVALID(1.0),"All valid permits by reason, length of validity and citizenship on 31 December of each year",A,Annual,TOTAL,Total,TOTAL,Total,PER,Person,UA,Ukraine,LI,Liechtenstein,2018,,73,,,,,
dataflow,ESTAT:MIGR_RESVALID(1.0),"All valid permits by reason, length of validity and citizenship on 31 December of each year",A,Annual,TOTAL,Total,TOTAL,Total,PER,Person,UA,Ukraine,LI,Liechtenstein,2019,,69,,,,,
dataflow,ESTAT:MIGR_RESVALID(1.0),"All valid permits by reason, length of validity and citizenship on 31 December of each year",A,Annual,TOTAL,Total,TOTAL,Total,PER,Person,UA,Ukraine,LI,Liechtenstein,2020,,67,,,,,
dataflow,ESTAT:MIGR_RESVALID(1.0),"All valid permits by reason, length of validity and citizenship on 31 December of each year",A,Annual,TOTAL,Total,TOTAL,Total,PER,Person,UA,Ukraine,LI,Liechtenstein,2021,,76,,,,,
dataflow,ESTAT:MIGR_RESVALID(1.0),"All valid permits by reason, length of validity and citizenship on 31 December of each year",A,Annual,TOTAL,Total,TOTAL,Total,PER,Person,UA,Ukraine,LI,Liechtenstein,2022,,67,,,,,
dataflow,ESTAT:MIGR_RESVALID(1.0),"All valid permits by reason, length of validity and citizenship on 31 December of each year",A,Annual,TOTAL,Total,TOTAL,Total,PER,Person,UA,Ukraine,LI,Liechtenstein,2023,,57,,,,,
dataflow,ESTAT:MIGR_RESVALID(1.0),"All valid permits by reason, length of validity and citizenship on 31 December of each year",A,Annual,TOTAL,Total,TOTAL,Total,PER,Person,UA,Ukraine,LI,Liechtenstein,2024,,58,,,,,
dataflow,ESTAT:MIGR_RESVALID(1.0),"All valid permits by reason, length of validity and citizenship on 31 December of each year",A,Annual,TOTAL,Total,TOTAL,Total,PER,Person,UA,Ukraine,LT,Lithuania,2015,,6163,,,,,
dataflow,ESTAT:MIGR_RESVALID(1.0),"All valid permits by reason, length of validity and citizenship on 31 December of each year",A,Annual,TOTAL,Total,TOTAL,Total,PER,Person,UA,Ukraine,LT,Lithuania,2016,,8321,,,,,
dataflow,ESTAT:MIGR_RESVALID(1.0),"All valid permits by reason, length of validity and citizenship on 31 December of each year",A,Annual,TOTAL,Total,TOTAL,Total,PER,Person,UA,Ukraine,LT,Lithuania,2017,,12106,,,,,
dataflow,ESTAT:MIGR_RESVALID(1.0),"All valid permits by reason, length of validity and citizenship on 31 December of each year",A,Annual,TOTAL,Total,TOTAL,Total,PER,Person,UA,Ukraine,LT,Lithuania,2018,,16944,,,,,
dataflow,ESTAT:MIGR_RESVALID(1.0),"All valid permits by reason, length of validity and citizenship on 31 December of each year",A,Annual,TOTAL,Total,TOTAL,Total,PER,Person,UA,Ukraine,LT,Lithuania,2019,,25496,,,,,
dataflow,ESTAT:MIGR_RESVALID(1.0),"All valid permits by reason, length of validity and citizenship on 31 December of each year",A,Annual,TOTAL,Total,TOTAL,Total,PER,Person,UA,Ukraine,LT,Lithuania,2020,,31400,,,,,
dataflow,ESTAT:MIGR_RESVALID(1.0),"All valid permits by reason, length of validity and citizenship on 31 December of each year",A,Annual,TOTAL,Total,TOTAL,Total,PER,Person,UA,Ukraine,LT,Lithuania,2021,,32884,,,,,
dataflow,ESTAT:MIGR_RESVALID(1.0),"All valid permits by reason, length of validity and citizenship on 31 December of each year",A,Annual,TOTAL,Total,TOTAL,Total,PER,Person,UA,Ukraine,LT,Lithuania,2022,,38626,,,,,
dataflow,ESTAT:MIGR_RESVALID(1.0),"All valid permits by reason, length of validity and citizenship on 31 December of each year",A,Annual,TOTAL,Total,TOTAL,Total,PER,Person,UA,Ukraine,LT,Lithuania,2023,,34806,,,,,
dataflow,ESTAT:MIGR_RESVALID(1.0),"All valid permits by reason, length of validity and citizenship on 31 December of each year",A,Annual,TOTAL,Total,TOTAL,Total,PER,Person,UA,Ukraine,LT,Lithuania,2024,,30659,,,,,
dataflow,ESTAT:MIGR_RESVALID(1.0),"All valid permits by reason, length of validity and citizenship on 31 December of each year",A,Annual,TOTAL,Total,TOTAL,Total,PER,Person,UA,Ukraine,LU,Luxembourg,2015,,655,,,,,
dataflow,ESTAT:MIGR_RESVALID(1.0),"All valid permits by reason, length of validity and citizenship on 31 December of each year",A,Annual,TOTAL,Total,TOTAL,Total,PER,Person,UA,Ukraine,LU,Luxembourg,2016,,744,,,,,
dataflow,ESTAT:MIGR_RESVALID(1.0),"All valid permits by reason, length of validity and citizenship on 31 December of each year",A,Annual,TOTAL,Total,TOTAL,Total,PER,Person,UA,Ukraine,LU,Luxembourg,2017,,853,,,,,
dataflow,ESTAT:MIGR_RESVALID(1.0),"All valid permits by reason, length of validity and citizenship on 31 December of each year",A,Annual,TOTAL,Total,TOTAL,Total,PER,Person,UA,Ukraine,LU,Luxembourg,2018,,937,,,,,
dataflow,ESTAT:MIGR_RESVALID(1.0),"All valid permits by reason, length of validity and citizenship on 31 December of each year",A,Annual,TOTAL,Total,TOTAL,Total,PER,Person,UA,Ukraine,LU,Luxembourg,2019,,1011,,,,,
dataflow,ESTAT:MIGR_RESVALID(1.0),"All valid permits by reason, length of validity and citizenship on 31 December of each year",A,Annual,TOTAL,Total,TOTAL,Total,PER,Person,UA,Ukraine,LU,Luxembourg,2020,,1071,,,,,
dataflow,ESTAT:MIGR_RESVALID(1.0),"All valid permits by reason, length of validity and citizenship on 31 December of each year",A,Annual,TOTAL,Total,TOTAL,Total,PER,Person,UA,Ukraine,LU,Luxembourg,2021,,997,,,,,
dataflow,ESTAT:MIGR_RESVALID(1.0),"All valid permits by reason, length of validity and citizenship on 31 December of each year",A,Annual,TOTAL,Total,TOTAL,Total,PER,Person,UA,Ukraine,LU,Luxembourg,2022,,968,,,,,
dataflow,ESTAT:MIGR_RESVALID(1.0),"All valid permits by reason, length of validity and citizenship on 31 December of each year",A,Annual,TOTAL,Total,TOTAL,Total,PER,Person,UA,Ukraine,LU,Luxembourg,2023,,1126,,,,,
dataflow,ESTAT:MIGR_RESVALID(1.0),"All valid permits by reason, length of validity and citizenship on 31 December of each year",A,Annual,TOTAL,Total,TOTAL,Total,PER,Person,UA,Ukraine,LU,Luxembourg,2024,,1540,,,,,
dataflow,ESTAT:MIGR_RESVALID(1.0),"All valid permits by reason, length of validity and citizenship on 31 December of each year",A,Annual,TOTAL,Total,TOTAL,Total,PER,Person,UA,Ukraine,LV,Latvia,2015,,5787,,,,,
dataflow,ESTAT:MIGR_RESVALID(1.0),"All valid permits by reason, length of validity and citizenship on 31 December of each year",A,Annual,TOTAL,Total,TOTAL,Total,PER,Person,UA,Ukraine,LV,Latvia,2016,,6282,,,,,
dataflow,ESTAT:MIGR_RESVALID(1.0),"All valid permits by reason, length of validity and citizenship on 31 December of each year",A,Annual,TOTAL,Total,TOTAL,Total,PER,Person,UA,Ukraine,LV,Latvia,2017,,6821,,,,,
dataflow,ESTAT:MIGR_RESVALID(1.0),"All valid permits by reason, length of validity and citizenship on 31 December of each year",A,Annual,TOTAL,Total,TOTAL,Total,PER,Person,UA,Ukraine,LV,Latvia,2018,,7988,,,,,
dataflow,ESTAT:MIGR_RESVALID(1.0),"All valid permits by reason, length of validity and citizenship on 31 December of each year",A,Annual,TOTAL,Total,TOTAL,Total,PER,Person,UA,Ukraine,LV,Latvia,2019,,8934,,,,,
dataflow,ESTAT:MIGR_RESVALID(1.0),"All valid permits by reason, length of validity and citizenship on 31 December of each year",A,Annual,TOTAL,Total,TOTAL,Total,PER,Person,UA,Ukraine,LV,Latvia,2020,,8640,,,,,
dataflow,ESTAT:MIGR_RESVALID(1.0),"All valid permits by reason, length of validity and citizenship on 31 December of each year",A,Annual,TOTAL,Total,TOTAL,Total,PER,Person,UA,Ukraine,LV,Latvia,2021,,9087,,,,,
dataflow,ESTAT:MIGR_RESVALID(1.0),"All valid permits by reason, length of validity and citizenship on 31 December of each year",A,Annual,TOTAL,Total,TOTAL,Total,PER,Person,UA,Ukraine,LV,Latvia,2022,,7616,,,,,
dataflow,ESTAT:MIGR_RESVALID(1.0),"All valid permits by reason, length of validity and citizenship on 31 December of each year",A,Annual,TOTAL,Total,TOTAL,Total,PER,Person,UA,Ukraine,LV,Latvia,2023,,6222,,,,,
dataflow,ESTAT:MIGR_RESVALID(1.0),"All valid permits by reason, length of validity and citizenship on 31 December of each year",A,Annual,TOTAL,Total,TOTAL,Total,PER,Person,UA,Ukraine,LV,Latvia,2024,,6656,,,,,
dataflow,ESTAT:MIGR_RESVALID(1.0),"All valid permits by reason, length of validity and citizenship on 31 December of each year",A,Annual,TOTAL,Total,TOTAL,Total,PER,Person,UA,Ukraine,MT,Malta,2015,,786,,,,,
dataflow,ESTAT:MIGR_RESVALID(1.0),"All valid permits by reason, length of validity and citizenship on 31 December of each year",A,Annual,TOTAL,Total,TOTAL,Total,PER,Person,UA,Ukraine,MT,Malta,2016,,836,,,,,
dataflow,ESTAT:MIGR_RESVALID(1.0),"All valid permits by reason, length of validity and citizenship on 31 December of each year",A,Annual,TOTAL,Total,TOTAL,Total,PER,Person,UA,Ukraine,MT,Malta,2017,,928,,ep,"estimated, provisional",,
dataflow,ESTAT:MIGR_RESVALID(1.0),"All valid permits by reason, length of validity and citizenship on 31 December of each year",A,Annual,TOTAL,Total,TOTAL,Total,PER,Person,UA,Ukraine,MT,Malta,2018,,1046,,,,,
dataflow,ESTAT:MIGR_RESVALID(1.0),"All valid permits by reason, length of validity and citizenship on 31 December of each year",A,Annual,TOTAL,Total,TOTAL,Total,PER,Person,UA,Ukraine,MT,Malta,2019,,1174,,,,,
dataflow,ESTAT:MIGR_RESVALID(1.0),"All valid permits by reason, length of validity and citizenship on 31 December of each year",A,Annual,TOTAL,Total,TOTAL,Total,PER,Person,UA,Ukraine,MT,Malta,2020,,1088,,,,,
dataflow,ESTAT:MIGR_RESVALID(1.0),"All valid permits by reason, length of validity and citizenship on 31 December of each year",A,Annual,TOTAL,Total,TOTAL,Total,PER,Person,UA,Ukraine,MT,Malta,2021,,1192,,,,,
dataflow,ESTAT:MIGR_RESVALID(1.0),"All valid permits by reason, length of validity and citizenship on 31 December of each year",A,Annual,TOTAL,Total,TOTAL,Total,PER,Person,UA,Ukraine,MT,Malta,2022,,1296,,,,,
dataflow,ESTAT:MIGR_RESVALID(1.0),"All valid permits by reason, length of validity and citizenship on 31 December of each year",A,Annual,TOTAL,Total,TOTAL,Total,PER,Person,UA,Ukraine,MT,Malta,2023,,1203,,,,,
dataflow,ESTAT:MIGR_RESVALID(1.0),"All valid permits by reason, length of validity and citizenship on 31 December of each year",A,Annual,TOTAL,Total,TOTAL,Total,PER,Person,UA,Ukraine,MT,Malta,2024,,1175,,,,,
dataflow,ESTAT:MIGR_RESVALID(1.0),"All valid permits by reason, length of validity and citizenship on 31 December of each year",A,Annual,TOTAL,Total,TOTAL,Total,PER,Person,UA,Ukraine,NL,Netherlands,2015,,4506,,,,,
dataflow,ESTAT:MIGR_RESVALID(1.0),"All valid permits by reason, length of validity and citizenship on 31 December of each year",A,Annual,TOTAL,Total,TOTAL,Total,PER,Person,UA,Ukraine,NL,Netherlands,2016,,5049,,,,,
dataflow,ESTAT:MIGR_RESVALID(1.0),"All valid permits by reason, length of validity and citizenship on 31 December of each year",A,Annual,TOTAL,Total,TOTAL,Total,PER,Person,UA,Ukraine,NL,Netherlands,2017,,5657,,,,,
dataflow,ESTAT:MIGR_RESVALID(1.0),"All valid permits by reason, length of validity and citizenship on 31 December of each year",A,Annual,TOTAL,Total,TOTAL,Total,PER,Person,UA,Ukraine,NL,Netherlands,2018,,6331,,,,,
dataflow,ESTAT:MIGR_RESVALID(1.0),"All valid permits by reason, length of validity and citizenship on 31 December of each year",A,Annual,TOTAL,Total,TOTAL,Total,PER,Person,UA,Ukraine,NL,Netherlands,2019,,7270,,,,,
dataflow,ESTAT:MIGR_RESVALID(1.0),"All valid permits by reason, length of validity and citizenship on 31 December of each year",A,Annual,TOTAL,Total,TOTAL,Total,PER,Person,UA,Ukraine,NL,Netherlands,2020,,7491,,,,,
dataflow,ESTAT:MIGR_RESVALID(1.0),"All valid permits by reason, length of validity and citizenship on 31 December of each year",A,Annual,TOTAL,Total,TOTAL,Total,PER,Person,UA,Ukraine,NL,Netherlands,2021,,8238,,,,,
dataflow,ESTAT:MIGR_RESVALID(1.0),"All valid permits by reason, length of validity and citizenship on 31 December of each year",A,Annual,TOTAL,Total,TOTAL,Total,PER,Person,UA,Ukraine,NL,Netherlands,2022,,9509,,,,,
dataflow,ESTAT:MIGR_RESVALID(1.0),"All valid permits by reason, length of validity and citizenship on 31 December of each year",A,Annual,TOTAL,Total,TOTAL,Total,PER,Person,UA,Ukraine,NL,Netherlands,2023,,9980,,,,,
dataflow,ESTAT:MIGR_RESVALID(1.0),"All valid permits by reason, length of validity and citizenship on 31 December of each year",A,Annual,TOTAL,Total,TOTAL,Total,PER,Person,UA,Ukraine,NL,Netherlands,2024,,10212,,,,,
dataflow,ESTAT:MIGR_RESVALID(1.0),"All valid permits by reason, length of validity and citizenship on 31 December of each year",A,Annual,TOTAL,Total,TOTAL,Total,PER,Person,UA,Ukraine,NO,Norway,2015,,1970,,,,,
dataflow,ESTAT:MIGR_RESVALID(1.0),"All valid permits by reason, length of validity and citizenship on 31 December of each year",A,Annual,TOTAL,Total,TOTAL,Total,PER,Person,UA,Ukraine,NO,Norway,2016,,2013,,,,,
dataflow,ESTAT:MIGR_RESVALID(1.0),"All valid permits by reason, length of validity and citizenship on 31 December of each year",A,Annual,TOTAL,Total,TOTAL,Total,PER,Person,UA,Ukraine,NO,Norway,2017,,2079,,,,,
dataflow,ESTAT:MIGR_RESVALID(1.0),"All valid permits by reason, length of validity and citizenship on 31 December of each year",A,Annual,TOTAL,Total,TOTAL,Total,PER,Person,UA,Ukraine,NO,Norway,2018,,3174,,,,,
dataflow,ESTAT:MIGR_RESVALID(1.0),"All valid permits by reason, length of validity and citizenship on 31 December of each year",A,Annual,TOTAL,Total,TOTAL,Total,PER,Person,UA,Ukraine,NO,Norway,2019,,3329,,,,,
dataflow,ESTAT:MIGR_RESVALID(1.0),"All valid permits by reason, length of validity and citizenship on 31 December of each year",A,Annual,TOTAL,Total,TOTAL,Total,PER,Person,UA,Ukraine,NO,Norway,2020,,3268,,,,,
dataflow,ESTAT:MIGR_RESVALID(1.0),"All valid permits by reason, length of validity and citizenship on 31 December of each year",A,Annual,TOTAL,Total,TOTAL,Total,PER,Person,UA,Ukraine,NO,Norway,2021,,3135,,,,,
dataflow,ESTAT:MIGR_RESVALID(1.0),"All valid permits by reason, length of validity and citizenship on 31 December of each year",A,Annual,TOTAL,Total,TOTAL,Total,PER,Person,UA,Ukraine,NO,Norway,2022,,2708,,,,,
dataflow,ESTAT:MIGR_RESVALID(1.0),"All valid permits by reason, length of validity and citizenship on 31 December of each year",A,Annual,TOTAL,Total,TOTAL,Total,PER,Person,UA,Ukraine,NO,Norway,2023,,2222,,,,,
dataflow,ESTAT:MIGR_RESVALID(1.0),"All valid permits by reason, length of validity and citizenship on 31 December of each year",A,Annual,TOTAL,Total,TOTAL,Total,PER,Person,UA,Ukraine,NO,Norway,2024,,2342,,,,,
dataflow,ESTAT:MIGR_RESVALID(1.0),"All valid permits by reason, length of validity and citizenship on 31 December of each year",A,Annual,TOTAL,Total,TOTAL,Total,PER,Person,UA,Ukraine,PL,Poland,2015,,336346,,,,,
dataflow,ESTAT:MIGR_RESVALID(1.0),"All valid permits by reason, length of validity and citizenship on 31 December of each year",A,Annual,TOTAL,Total,TOTAL,Total,PER,Person,UA,Ukraine,PL,Poland,2016,,409304,,,,,
dataflow,ESTAT:MIGR_RESVALID(1.0),"All valid permits by reason, length of validity and citizenship on 31 December of each year",A,Annual,TOTAL,Total,TOTAL,Total,PER,Person,UA,Ukraine,PL,Poland,2017,,451059,,,,,
dataflow,ESTAT:MIGR_RESVALID(1.0),"All valid permits by reason, length of validity and citizenship on 31 December of each year",A,Annual,TOTAL,Total,TOTAL,Total,PER,Person,UA,Ukraine,PL,Poland,2018,,413770,,d,definition differs (see metadata),,
dataflow,ESTAT:MIGR_RESVALID(1.0),"All valid permits by reason, length of validity and citizenship on 31 December of each year",A,Annual,TOTAL,Total,TOTAL,Total,PER,Person,UA,Ukraine,PL,Poland,2019,,476206,,,,,
dataflow,ESTAT:MIGR_RESVALID(1.0),"All valid permits by reason, length of validity and citizenship on 31 December of each year",A,Annual,TOTAL,Total,TOTAL,Total,PER,Person,UA,Ukraine,PL,Poland,2020,,499536,,,,,
dataflow,ESTAT:MIGR_RESVALID(1.0),"All valid permits by reason, length of validity and citizenship on 31 December of each year",A,Annual,TOTAL,Total,TOTAL,Total,PER,Person,UA,Ukraine,PL,Poland,2021,,651221,,,,,
dataflow,ESTAT:MIGR_RESVALID(1.0),"All valid permits by reason, length of validity and citizenship on 31 December of each year",A,Annual,TOTAL,Total,TOTAL,Total,PER,Person,UA,Ukraine,PL,Poland,2022,,450353,,,,,
dataflow,ESTAT:MIGR_RESVALID(1.0),"All valid permits by reason, length of validity and citizenship on 31 December of each year",A,Annual,TOTAL,Total,TOTAL,Total,PER,Person,UA,Ukraine,PL,Poland,2023,,550517,,,,,
dataflow,ESTAT:MIGR_RESVALID(1.0),"All valid permits by reason, length of validity and citizenship on 31 December of each year",A,Annual,TOTAL,Total,TOTAL,Total,PER,Person,UA,Ukraine,PL,Poland,2024,,638617,,,,,
dataflow,ESTAT:MIGR_RESVALID(1.0),"All valid permits by reason, length of validity and citizenship on 31 December of each year",A,Annual,TOTAL,Total,TOTAL,Total,PER,Person,UA,Ukraine,PT,Portugal,2015,,35777,,,,,
dataflow,ESTAT:MIGR_RESVALID(1.0),"All valid permits by reason, length of validity and citizenship on 31 December of each year",A,Annual,TOTAL,Total,TOTAL,Total,PER,Person,UA,Ukraine,PT,Portugal,2016,,34485,,,,,
dataflow,ESTAT:MIGR_RESVALID(1.0),"All valid permits by reason, length of validity and citizenship on 31 December of each year",A,Annual,TOTAL,Total,TOTAL,Total,PER,Person,UA,Ukraine,PT,Portugal,2017,,32447,,,,,
dataflow,ESTAT:MIGR_RESVALID(1.0),"All valid permits by reason, length of validity and citizenship on 31 December of each year",A,Annual,TOTAL,Total,TOTAL,Total,PER,Person,UA,Ukraine,PT,Portugal,2018,,29218,,,,,
dataflow,ESTAT:MIGR_RESVALID(1.0),"All valid permits by reason, length of validity and citizenship on 31 December of each year",A,Annual,TOTAL,Total,TOTAL,Total,PER,Person,UA,Ukraine,PT,Portugal,2019,,29718,,,,,
dataflow,ESTAT:MIGR_RESVALID(1.0),"All valid permits by reason, length of validity and citizenship on 31 December of each year",A,Annual,TOTAL,Total,TOTAL,Total,PER,Person,UA,Ukraine,PT,Portugal,2020,,28629,,,,,
dataflow,ESTAT:MIGR_RESVALID(1.0),"All valid permits by reason, length of validity and citizenship on 31 December of each year",A,Annual,TOTAL,Total,TOTAL,Total,PER,Person,UA,Ukraine,PT,Portugal,2021,,27195,,,,,
dataflow,ESTAT:MIGR_RESVALID(1.0),"All valid permits by reason, length of validity and citizenship on 31 December of each year",A,Annual,TOTAL,Total,TOTAL,Total,PER,Person,UA,Ukraine,PT,Portugal,2022,,25435,,,,,
dataflow,ESTAT:MIGR_RESVALID(1.0),"All valid permits by reason, length of validity and citizenship on 31 December of each year",A,Annual,TOTAL,Total,TOTAL,Total,PER,Person,UA,Ukraine,PT,Portugal,2023,,23427,,,,,
dataflow,ESTAT:MIGR_RESVALID(1.0),"All valid permits by reason, length of validity and citizenship on 31 December of each year",A,Annual,TOTAL,Total,TOTAL,Total,PER,Person,UA,Ukraine,PT,Portugal,2024,,25275,,b,break in time series,,
dataflow,ESTAT:MIGR_RESVALID(1.0),"All valid permits by reason, length of validity and citizenship on 31 December of each year",A,Annual,TOTAL,Total,TOTAL,Total,PER,Person,UA,Ukraine,RO,Romania,2015,,1843,,,,,
dataflow,ESTAT:MIGR_RESVALID(1.0),"All valid permits by reason, length of validity and citizenship on 31 December of each year",A,Annual,TOTAL,Total,TOTAL,Total,PER,Person,UA,Ukraine,RO,Romania,2016,,1872,,,,,
dataflow,ESTAT:MIGR_RESVALID(1.0),"All valid permits by reason, length of validity and citizenship on 31 December of each year",A,Annual,TOTAL,Total,TOTAL,Total,PER,Person,UA,Ukraine,RO,Romania,2017,,1452,,,,,
dataflow,ESTAT:MIGR_RESVALID(1.0),"All valid permits by reason, length of validity and citizenship on 31 December of each year",A,Annual,TOTAL,Total,TOTAL,Total,PER,Person,UA,Ukraine,RO,Romania,2018,,1619,,,,,
dataflow,ESTAT:MIGR_RESVALID(1.0),"All valid permits by reason, length of validity and citizenship on 31 December of each year",A,Annual,TOTAL,Total,TOTAL,Total,PER,Person,UA,Ukraine,RO,Romania,2019,,2150,,,,,
dataflow,ESTAT:MIGR_RESVALID(1.0),"All valid permits by reason, length of validity and citizenship on 31 December of each year",A,Annual,TOTAL,Total,TOTAL,Total,PER,Person,UA,Ukraine,RO,Romania,2020,,2243,,,,,
dataflow,ESTAT:MIGR_RESVALID(1.0),"All valid permits by reason, length of validity and citizenship on 31 December of each year",A,Annual,TOTAL,Total,TOTAL,Total,PER,Person,UA,Ukraine,RO,Romania,2021,,2260,,,,,
dataflow,ESTAT:MIGR_RESVALID(1.0),"All valid permits by reason, length of validity and citizenship on 31 December of each year",A,Annual,TOTAL,Total,TOTAL,Total,PER,Person,UA,Ukraine,RO,Romania,2022,,2862,,,,,
dataflow,ESTAT:MIGR_RESVALID(1.0),"All valid permits by reason, length of validity and citizenship on 31 December of each year",A,Annual,TOTAL,Total,TOTAL,Total,PER,Person,UA,Ukraine,RO,Romania,2023,,2504,,,,,
dataflow,ESTAT:MIGR_RESVALID(1.0),"All valid permits by reason, length of validity and citizenship on 31 December of each year",A,Annual,TOTAL,Total,TOTAL,Total,PER,Person,UA,Ukraine,RO,Romania,2024,,2563,,,,,
dataflow,ESTAT:MIGR_RESVALID(1.0),"All valid permits by reason, length of validity and citizenship on 31 December of each year",A,Annual,TOTAL,Total,TOTAL,Total,PER,Person,UA,Ukraine,SE,Sweden,2015,,3719,,,,,
dataflow,ESTAT:MIGR_RESVALID(1.0),"All valid permits by reason, length of validity and citizenship on 31 December of each year",A,Annual,TOTAL,Total,TOTAL,Total,PER,Person,UA,Ukraine,SE,Sweden,2016,,3838,,,,,
dataflow,ESTAT:MIGR_RESVALID(1.0),"All valid permits by reason, length of validity and citizenship on 31 December of each year",A,Annual,TOTAL,Total,TOTAL,Total,PER,Person,UA,Ukraine,SE,Sweden,2017,,4294,,,,,
dataflow,ESTAT:MIGR_RESVALID(1.0),"All valid permits by reason, length of validity and citizenship on 31 December of each year",A,Annual,TOTAL,Total,TOTAL,Total,PER,Person,UA,Ukraine,SE,Sweden,2018,,5169,,,,,
dataflow,ESTAT:MIGR_RESVALID(1.0),"All valid permits by reason, length of validity and citizenship on 31 December of each year",A,Annual,TOTAL,Total,TOTAL,Total,PER,Person,UA,Ukraine,SE,Sweden,2019,,5781,,,,,
dataflow,ESTAT:MIGR_RESVALID(1.0),"All valid permits by reason, length of validity and citizenship on 31 December of each year",A,Annual,TOTAL,Total,TOTAL,Total,PER,Person,UA,Ukraine,SE,Sweden,2020,,6021,,,,,
dataflow,ESTAT:MIGR_RESVALID(1.0),"All valid permits by reason, length of validity and citizenship on 31 December of each year",A,Annual,TOTAL,Total,TOTAL,Total,PER,Person,UA,Ukraine,SE,Sweden,2021,,6097,,,,,
dataflow,ESTAT:MIGR_RESVALID(1.0),"All valid permits by reason, length of validity and citizenship on 31 December of each year",A,Annual,TOTAL,Total,TOTAL,Total,PER,Person,UA,Ukraine,SE,Sweden,2022,,5272,,,,,
dataflow,ESTAT:MIGR_RESVALID(1.0),"All valid permits by reason, length of validity and citizenship on 31 December of each year",A,Annual,TOTAL,Total,TOTAL,Total,PER,Person,UA,Ukraine,SE,Sweden,2023,,4782,,,,,
dataflow,ESTAT:MIGR_RESVALID(1.0),"All valid permits by reason, length of validity and citizenship on 31 December of each year",A,Annual,TOTAL,Total,TOTAL,Total,PER,Person,UA,Ukraine,SE,Sweden,2024,,4260,,,,,
dataflow,ESTAT:MIGR_RESVALID(1.0),"All valid permits by reason, length of validity and citizenship on 31 December of each year",A,Annual,TOTAL,Total,TOTAL,Total,PER,Person,UA,Ukraine,SI,Slovenia,2015,,1946,,,,,
dataflow,ESTAT:MIGR_RESVALID(1.0),"All valid permits by reason, length of validity and citizenship on 31 December of each year",A,Annual,TOTAL,Total,TOTAL,Total,PER,Person,UA,Ukraine,SI,Slovenia,2016,,2136,,,,,
dataflow,ESTAT:MIGR_RESVALID(1.0),"All valid permits by reason, length of validity and citizenship on 31 December of each year",A,Annual,TOTAL,Total,TOTAL,Total,PER,Person,UA,Ukraine,SI,Slovenia,2017,,2261,,,,,
dataflow,ESTAT:MIGR_RESVALID(1.0),"All valid permits by reason, length of validity and citizenship on 31 December of each year",A,Annual,TOTAL,Total,TOTAL,Total,PER,Person,UA,Ukraine,SI,Slovenia,2018,,2426,,,,,
dataflow,ESTAT:MIGR_RESVALID(1.0),"All valid permits by reason, length of validity and citizenship on 31 December of each year",A,Annual,TOTAL,Total,TOTAL,Total,PER,Person,UA,Ukraine,SI,Slovenia,2019,,2563,,,,,
dataflow,ESTAT:MIGR_RESVALID(1.0),"All valid permits by reason, length of validity and citizenship on 31 December of each year",A,Annual,TOTAL,Total,TOTAL,Total,PER,Person,UA,Ukraine,SI,Slovenia,2020,,2630,,,,,
dataflow,ESTAT:MIGR_RESVALID(1.0),"All valid permits by reason, length of validity and citizenship on 31 December of each year",A,Annual,TOTAL,Total,TOTAL,Total,PER,Person,UA,Ukraine,SI,Slovenia,2021,,2655,,,,,
dataflow,ESTAT:MIGR_RESVALID(1.0),"All valid permits by reason, length of validity and citizenship on 31 December of each year",A,Annual,TOTAL,Total,TOTAL,Total,PER,Person,UA,Ukraine,SI,Slovenia,2022,,2769,,,,,
dataflow,ESTAT:MIGR_RESVALID(1.0),"All valid permits by reason, length of validity and citizenship on 31 December of each year",A,Annual,TOTAL,Total,TOTAL,Total,PER,Person,UA,Ukraine,SI,Slovenia,2023,,2793,,,,,
dataflow,ESTAT:MIGR_RESVALID(1.0),"All valid permits by reason, length of validity and citizenship on 31 December of each year",A,Annual,TOTAL,Total,TOTAL,Total,PER,Person,UA,Ukraine,SI,Slovenia,2024,,2875,,,,,
dataflow,ESTAT:MIGR_RESVALID(1.0),"All valid permits by reason, length of validity and citizenship on 31 December of each year",A,Annual,TOTAL,Total,TOTAL,Total,PER,Person,UA,Ukraine,SK,Slovakia,2015,,9913,,,,,
dataflow,ESTAT:MIGR_RESVALID(1.0),"All valid permits by reason, length of validity and citizenship on 31 December of each year",A,Annual,TOTAL,Total,TOTAL,Total,PER,Person,UA,Ukraine,SK,Slovakia,2016,,12061,,,,,
dataflow,ESTAT:MIGR_RESVALID(1.0),"All valid permits by reason, length of validity and citizenship on 31 December of each year",A,Annual,TOTAL,Total,TOTAL,Total,PER,Person,UA,Ukraine,SK,Slovakia,2017,,14889,,,,,
dataflow,ESTAT:MIGR_RESVALID(1.0),"All valid permits by reason, length of validity and citizenship on 31 December of each year",A,Annual,TOTAL,Total,TOTAL,Total,PER,Person,UA,Ukraine,SK,Slovakia,2018,,23230,,,,,
dataflow,ESTAT:MIGR_RESVALID(1.0),"All valid permits by reason, length of validity and citizenship on 31 December of each year",A,Annual,TOTAL,Total,TOTAL,Total,PER,Person,UA,Ukraine,SK,Slovakia,2019,,36024,,,,,
dataflow,ESTAT:MIGR_RESVALID(1.0),"All valid permits by reason, length of validity and citizenship on 31 December of each year",A,Annual,TOTAL,Total,TOTAL,Total,PER,Person,UA,Ukraine,SK,Slovakia,2020,,40020,,,,,
dataflow,ESTAT:MIGR_RESVALID(1.0),"All valid permits by reason, length of validity and citizenship on 31 December of each year",A,Annual,TOTAL,Total,TOTAL,Total,PER,Person,UA,Ukraine,SK,Slovakia,2021,,54138,,,,,
dataflow,ESTAT:MIGR_RESVALID(1.0),"All valid permits by reason, length of validity and citizenship on 31 December of each year",A,Annual,TOTAL,Total,TOTAL,Total,PER,Person,UA,Ukraine,SK,Slovakia,2022,,57939,,,,,
dataflow,ESTAT:MIGR_RESVALID(1.0),"All valid permits by reason, length of validity and citizenship on 31 December of each year",A,Annual,TOTAL,Total,TOTAL,Total,PER,Person,UA,Ukraine,SK,Slovakia,2023,,57555,,,,,
dataflow,ESTAT:MIGR_RESVALID(1.0),"All valid permits by reason, length of validity and citizenship on 31 December of each year",A,Annual,TOTAL,Total,TOTAL,Total,PER,Person,UA,Ukraine,SK,Slovakia,2024,,62347,,,,,
dataflow,ESTAT:MIGR_RESVALID(1.0),"All valid permits by reason, length of validity and citizenship on 31 December of each year",A,Annual,TOTAL,Total,TOTAL,Total,PER,Person,UA,Ukraine,UK,United Kingdom,2015,,5633,,,,,
dataflow,ESTAT:MIGR_RESVALID(1.0),"All valid permits by reason, length of validity and citizenship on 31 December of each year",A,Annual,TOTAL,Total,TOTAL,Total,PER,Person,UA,Ukraine,UK,United Kingdom,2016,,7304,,,,,
dataflow,ESTAT:MIGR_RESVALID(1.0),"All valid permits by reason, length of validity and citizenship on 31 December of each year",A,Annual,TOTAL,Total,TOTAL,Total,PER,Person,UA,Ukraine,UK,United Kingdom,2017,,7472,,,,,
dataflow,ESTAT:MIGR_RESVALID(1.0),"All valid permits by reason, length of validity and citizenship on 31 December of each year",A,Annual,TOTAL,Total,TOTAL,Total,PER,Person,UA,Ukraine,UK,United Kingdom,2018,,7438,,,,,
